postId,profileId,message
32,5fdfeaaa-c9aa-40fe-8d8a-d0f3abbf4ceb,I agree!
33,3e223118-04b2-4faa-8ed9-d3995fc50975,Great story.
34,dc1b4809-2c14-42a3-a384-ca65718e3421,Yea ... maybe.
35,8a773ce6-9d46-4a76-b06b-436724cd1ce4,Best. News. Ever.
36,5fdfeaaa-c9aa-40fe-8d8a-d0f3abbf4ceb,I agree!
37,3e223118-04b2-4faa-8ed9-d3995fc50975,Great story.
38,dc1b4809-2c14-42a3-a384-ca65718e3421,Yea ... maybe.
39,8a773ce6-9d46-4a76-b06b-436724cd1ce4,Best. News. Ever.
40,5fdfeaaa-c9aa-40fe-8d8a-d0f3abbf4ceb,I agree!
41,3e223118-04b2-4faa-8ed9-d3995fc50975,Great story.
42,dc1b4809-2c14-42a3-a384-ca65718e3421,Yea ... maybe.
43,8a773ce6-9d46-4a76-b06b-436724cd1ce4,Best. News. Ever.
44,5fdfeaaa-c9aa-40fe-8d8a-d0f3abbf4ceb,I agree!
45,3e223118-04b2-4faa-8ed9-d3995fc50975,Great story.
46,dc1b4809-2c14-42a3-a384-ca65718e3421,Yea ... maybe.
47,8a773ce6-9d46-4a76-b06b-436724cd1ce4,Best. News. Ever.
48,5fdfeaaa-c9aa-40fe-8d8a-d0f3abbf4ceb,Great story.
49,3e223118-04b2-4faa-8ed9-d3995fc50975,Yea ... maybe.
50,dc1b4809-2c14-42a3-a384-ca65718e3421,Best. News. Ever.
51,8a773ce6-9d46-4a76-b06b-436724cd1ce4,I agree!
52,5fdfeaaa-c9aa-40fe-8d8a-d0f3abbf4ceb,Great story.
53,3e223118-04b2-4faa-8ed9-d3995fc50975,Yea ... maybe.
54,dc1b4809-2c14-42a3-a384-ca65718e3421,Best. News. Ever.
55,8a773ce6-9d46-4a76-b06b-436724cd1ce4,I agree!
56,5fdfeaaa-c9aa-40fe-8d8a-d0f3abbf4ceb,Great story.
57,3e223118-04b2-4faa-8ed9-d3995fc50975,Yea ... maybe.
58,dc1b4809-2c14-42a3-a384-ca65718e3421,Best. News. Ever.
59,8a773ce6-9d46-4a76-b06b-436724cd1ce4,I agree!
60,5fdfeaaa-c9aa-40fe-8d8a-d0f3abbf4ceb,Great story.
61,3e223118-04b2-4faa-8ed9-d3995fc50975,Yea ... maybe.
62,dc1b4809-2c14-42a3-a384-ca65718e3421,Best. News. Ever.
83,8a773ce6-9d46-4a76-b06b-436724cd1ce4,I agree!
84,5fdfeaaa-c9aa-40fe-8d8a-d0f3abbf4ceb,Great story.
85,3e223118-04b2-4faa-8ed9-d3995fc50975,Yea ... maybe.
86,dc1b4809-2c14-42a3-a384-ca65718e3421,Best. News. Ever.
3,8a773ce6-9d46-4a76-b06b-436724cd1ce4,Yea ... maybe.
4,5fdfeaaa-c9aa-40fe-8d8a-d0f3abbf4ceb,Best. News. Ever.
6,3e223118-04b2-4faa-8ed9-d3995fc50975,I agree!
8,dc1b4809-2c14-42a3-a384-ca65718e3421,Great story.
9,8a773ce6-9d46-4a76-b06b-436724cd1ce4,Yea ... maybe.
10,5fdfeaaa-c9aa-40fe-8d8a-d0f3abbf4ceb,I agree!
11,3e223118-04b2-4faa-8ed9-d3995fc50975,Great story.
12,dc1b4809-2c14-42a3-a384-ca65718e3421,Yea ... maybe.
13,8a773ce6-9d46-4a76-b06b-436724cd1ce4,Best. News. Ever.
14,5fdfeaaa-c9aa-40fe-8d8a-d0f3abbf4ceb,I agree!
15,3e223118-04b2-4faa-8ed9-d3995fc50975,I agree!
16,dc1b4809-2c14-42a3-a384-ca65718e3421,Great story.
17,8a773ce6-9d46-4a76-b06b-436724cd1ce4,Yea ... maybe.
18,5fdfeaaa-c9aa-40fe-8d8a-d0f3abbf4ceb,I agree!
19,3e223118-04b2-4faa-8ed9-d3995fc50975,Great story.
20,dc1b4809-2c14-42a3-a384-ca65718e3421,Yea ... maybe.
21,8a773ce6-9d46-4a76-b06b-436724cd1ce4,I agree!
23,5fdfeaaa-c9aa-40fe-8d8a-d0f3abbf4ceb,Great story.
24,3e223118-04b2-4faa-8ed9-d3995fc50975,Yea ... maybe.
25,dc1b4809-2c14-42a3-a384-ca65718e3421,I agree!
26,8a773ce6-9d46-4a76-b06b-436724cd1ce4,Great story.
27,5fdfeaaa-c9aa-40fe-8d8a-d0f3abbf4ceb,Yea ... maybe.
28,3e223118-04b2-4faa-8ed9-d3995fc50975,Best. News. Ever.
29,dc1b4809-2c14-42a3-a384-ca65718e3421,I agree!
30,8a773ce6-9d46-4a76-b06b-436724cd1ce4,Great story.
63,5fdfeaaa-c9aa-40fe-8d8a-d0f3abbf4ceb,Yea ... maybe.
64,3e223118-04b2-4faa-8ed9-d3995fc50975,I agree!
65,dc1b4809-2c14-42a3-a384-ca65718e3421,Great story.
66,8a773ce6-9d46-4a76-b06b-436724cd1ce4,Yea ... maybe.
67,5fdfeaaa-c9aa-40fe-8d8a-d0f3abbf4ceb,I agree!
68,3e223118-04b2-4faa-8ed9-d3995fc50975,Great story.
69,dc1b4809-2c14-42a3-a384-ca65718e3421,Yea ... maybe.
70,8a773ce6-9d46-4a76-b06b-436724cd1ce4,Best. News. Ever.
71,5fdfeaaa-c9aa-40fe-8d8a-d0f3abbf4ceb,I agree!
72,3e223118-04b2-4faa-8ed9-d3995fc50975,Great story.
73,dc1b4809-2c14-42a3-a384-ca65718e3421,Yea ... maybe.
74,8a773ce6-9d46-4a76-b06b-436724cd1ce4,Best. News. Ever.
75,5fdfeaaa-c9aa-40fe-8d8a-d0f3abbf4ceb,Best. News. Ever.
76,3e223118-04b2-4faa-8ed9-d3995fc50975,I agree!
77,dc1b4809-2c14-42a3-a384-ca65718e3421,Great story.
78,8a773ce6-9d46-4a76-b06b-436724cd1ce4,Yea ... maybe.
79,5fdfeaaa-c9aa-40fe-8d8a-d0f3abbf4ceb,Best. News. Ever.
80,3e223118-04b2-4faa-8ed9-d3995fc50975,Great story.
81,dc1b4809-2c14-42a3-a384-ca65718e3421,Yea ... maybe.
82,8a773ce6-9d46-4a76-b06b-436724cd1ce4,Best. News. Ever.
22,5fdfeaaa-c9aa-40fe-8d8a-d0f3abbf4ceb,I agree!
7,3e223118-04b2-4faa-8ed9-d3995fc50975,Great story.
2,dc1b4809-2c14-42a3-a384-ca65718e3421,Yea ... maybe.
5,8a773ce6-9d46-4a76-b06b-436724cd1ce4,I agree!
90,5fdfeaaa-c9aa-40fe-8d8a-d0f3abbf4ceb,Great story.
89,3e223118-04b2-4faa-8ed9-d3995fc50975,Yea ... maybe.
31,dc1b4809-2c14-42a3-a384-ca65718e3421,Best. News. Ever.
